year,title,authors,doi,category,priority,status,notes,filename
2007,Method for High Precision Radar Distance Measurement and Synchronization of Wireless Units,S. Roehr; M. Vossiek; P. Gulden,10.1109/MWSYM.2007.380436,TWTT / cooperative FMCW,P0,included_restricted_user_supplied,Core predecessor; <100 ps time synchronization reported.,2007_Roehr_High_Precision_Radar_Distance_Synchronization.pdf
2008,A Versatile FMCW Radar System Simulator for Millimeter-Wave Applications,S. Scheiblhofer; M. Treml; S. Schuster; R. Feger; A. Stelzer,10.1109/EUMC.2008.4751778,MATLAB / simulation,P0,included_restricted_user_supplied,Modular MATLAB simulator from sweep synthesis through baseband.,2008_Scheiblhofer_A_Versatile_FMCW_Radar_System_Simulator.pdf
2015,An Efficient Frequency and Phase Estimation Algorithm With CRB Performance for FMCW Radar Applications,S. Scherr et al.,10.1109/TIM.2014.2381354,frequency/phase estimation,P0,included_restricted_user_supplied,CZT plus phase evaluation; CRB context.,2015_Scherr_Efficient_Frequency_and_Phase_Estimation_CRB.pdf
2016,"Impact of Frequency Ramp Nonlinearity, Phase Noise, and SNR on FMCW Radar Accuracy",S. Ayhan et al.,10.1109/TMTT.2016.2599165,nonidealities,P0,included_restricted_user_supplied,Analytical and measured accuracy effects.,2016_Ayhan_Ramp_Nonlinearity_Phase_Noise_SNR.pdf
2018,Analysis of Ranging Precision in an FMCW Radar Measurement Using a Phase-Locked Loop,F. Herzel; D. Kissinger; H. J. Ng,10.1109/TCSI.2017.2733041,phase noise / PLL,P0,included_restricted_user_supplied,PLL phase noise plus receiver noise precision model.,2018_Herzel_Ranging_Precision_FMCW_PLL.pdf
2019,Coherent Full-Duplex Double-Sided Two-Way Ranging and Velocity Measurement Between Separate Incoherent Radio Units,M. Gottinger; F. Kirsch; P. Gulden; M. Vossiek,10.1109/TMTT.2019.2902553,TWTT / cooperative FMCW,P0,included_restricted_user_supplied,Closest academic analogue: reciprocal FMCW with separate clocks.,2019_Gottinger_CFDDS_TWR.pdf
2020,System Level Synchronization of Phase-Coded FMCW Automotive Radars for RadCom,F. Lampel et al.,10.23919/EuCAP48036.2020.9135417,coded FMCW,P1,included_restricted_user_supplied,Phase-coded FMCW synchronization / RadCom.,2020_Lampel_System_Level_Synchronization_Phase_Coded_FMCW_RadCom.pdf
2021,Coherent Signal Processing for Loosely Coupled Bistatic Radar,M. Gottinger; P. Gulden; M. Vossiek,10.1109/TAES.2021.3050650,distributed coherent radar,P1,included_restricted_user_supplied,Coherent processing despite only loose coupling.,2021_Gottinger_Loosely_Coupled_Bistatic_Radar.pdf
2021,Coherent Automotive Radar Networks: The Next Generation of Radar-Based Imaging and Mapping,M. Gottinger et al.,10.1109/JMW.2020.3034475,radar networks,P1,included_restricted_user_supplied,Distributed radar classification and 76-77 GHz experiments.,2021_Gottinger_Coherent_Automotive_Radar_Networks.pdf
2022,Detailed Analysis and Modeling of Phase Noise and Systematic Phase Distortions in FMCW Radar Systems,P. Tschapek et al.,10.1109/JMW.2022.3195574,phase noise / nonidealities,P0,included_restricted_user_supplied,Colored PN plus systematic phase-error Monte Carlo model.,2022_Tschapek_Detailed_Phase_Noise_Systematic_Distortions.pdf
2007,Method for High Precision Clock Synchronization in Wireless Systems with Application to Radio Navigation,S. Roehr; P. Gulden; M. Vossiek,10.1109/RWS.2007.351890,clock synchronization,P0,citation_only,Foundational clock synchronization; full copy not physically present in this runtime.,
2008,Precise Distance Measurement with Cooperative FMCW Radar Units,A. Stelzer; M. Jahn; S. Scheiblhofer,10.1109/RWS.2008.4463606,cooperative FMCW,P0,citation_only,Core cooperative FMCW ranging paper.,
2008,Precise Distance and Velocity Measurement for Real Time Locating in Multipath Environments Using a Frequency-Modulated Continuous-Wave Secondary Radar Approach,S. Roehr; P. Gulden; M. Vossiek,10.1109/TMTT.2008.2003137,cooperative FMCW,P0,citation_only,Detailed range/velocity/multipath model.,
2008,Performance Analysis of Cooperative FMCW Radar Distance Measurement Systems,S. Scheiblhofer et al.,10.1109/MWSYM.2008.4633118,precision / phase noise,P0,citation_only,"Phase-noise performance comparison; web-accessible metadata, PDF not copied.",
2013,A 77-GHz Cooperative Radar System Based on Multi-Channel FMCW Stations for Local Positioning Applications,R. Feger et al.,10.1109/TMTT.2012.2227781,77 GHz cooperative FMCW,P0,citation_only,Important bridge to 77-GHz hardware.,
2012,Accuracy Limits of a K-Band FMCW Radar with Phase Evaluation,S. Scherr; S. Ayhan; M. Pauli; T. Zwick,,frequency/phase estimation,P0,citation_only,CRLB and phase-evaluation precision precedent.,
2012,The Effect of Phase Noise on Ranging Uncertainty in FMCW Secondary Radar-Based Local Positioning Systems,R. Ebelt; D. Shmakov; M. Vossiek,,phase noise,P0,citation_only,Directly relevant to secondary/cooperative FMCW PN.,
1992,Linear FMCW Radar Techniques,A. G. Stove,10.1049/ip-f-2.1992.0048,FMCW fundamentals,P0,citation_only,Classic reference.,
2023,FMCW Radar Transceiver Synchronization in a Multistatic Microwave Tomography System,B. Lettner,,multistatic synchronization,P0,citation_only,Thesis-length synchronization treatment.,
2020,Phase-Coded FMCW Automotive Radar: System Design and Interference Mitigation,F. Uysal,10.1109/TVT.2019.2953305,coded FMCW,P1,included_acquired_research_copy,Accepted manuscript known at TU Delft; not copied due repository download restriction.,2020_Uysal_Phase_Coded_FMCW_System_Design_Interference_Mitigation.pdf
2024,On the Synchronization of Uncoupled Multistatic PMCW Radars,D. Werbunat et al.,10.1109/TMTT.2024.3359035,coded / multistatic synchronization,P1,citation_only,Digital carrier/timing recovery analog for future coded FMCW.,
2024,Over-the-Air Synchronization for Coherent Digital Automotive Radar Networks,L. Sigg et al.,10.1109/TRS.2024.3449333,radar network synchronization,P1,citation_only,CFO/SFO/timing correction.,
2024,Signal Model for Coherent Processing of Uncoupled and Low Frequency Coupled MIMO Radar Networks,V. Janoudi et al.,10.1109/JMW.2023.3334757,radar network signal model,P1,citation_only,Strong modern nonideal signal model.,
,TI Fundamentals of mmWave Radar Sensors,,,source documentation,reference,included_topical,source_or_downloaded,TI_Fundamentals_of_mmWave_Radar_Sensors.pdf
,TI Getting Started with mmWave Sensors 2025,,,source documentation,reference,included_topical,source_or_downloaded,TI_Getting_Started_with_mmWave_Sensors_2025.pdf
,MathWorks Design of FMCW Radars for Active Safety Applications,,,source documentation,reference,included_topical,source_or_downloaded,MathWorks_Design_of_FMCW_Radars_for_Active_Safety_Applications.pdf
,MathWorks Radar System Design Using MATLAB Simulink 2016,,,source documentation,reference,included_topical,source_or_downloaded,MathWorks_Radar_System_Design_Using_MATLAB_Simulink_2016.pdf
,NIST Fundamentals of Two Way Time Transfers by Satellite,,,source documentation,reference,included_topical,source_or_downloaded,NIST_Fundamentals_of_Two_Way_Time_Transfers_by_Satellite.pdf
,BIPM TWSTFT Calibration Guidelines 2016,,,source documentation,reference,included_topical,source_or_downloaded,BIPM_TWSTFT_Calibration_Guidelines_2016.pdf
,2022 Merlo Mghabghab Nanzer Wireless Picosecond Time Synchronization,,,source documentation,reference,included_topical,source_or_downloaded,2022_Merlo_Mghabghab_Nanzer_Wireless_Picosecond_Time_Synchronization.pdf
,2023 Merlo High Accuracy Wireless Time Frequency Transfer Distributed Beamforming,,,source documentation,reference,included_topical,source_or_downloaded,2023_Merlo_High_Accuracy_Wireless_Time_Frequency_Transfer_Distributed_Beamforming.pdf
,2024 Shandi Merlo Nanzer Wireless Picosecond Time Synchronization Dynamic Connectivity,,,source documentation,reference,included_topical,source_or_downloaded,2024_Shandi_Merlo_Nanzer_Wireless_Picosecond_Time_Synchronization_Dynamic_Connectivity.pdf
,2024 Decentralized Picosecond Synchronization Distributed Wireless Systems,,,source documentation,reference,included_topical,source_or_downloaded,2024_Decentralized_Picosecond_Synchronization_Distributed_Wireless_Systems.pdf
,Honeywell EP2985625A1 FMCW Radar with Timing Synchronization,,,source documentation,reference,included_topical,source_or_downloaded,Honeywell_EP2985625A1_FMCW_Radar_with_Timing_Synchronization.pdf
,Honeywell US20160047892A1 FMCW Radar Phase Encoded Data Channel,,,source documentation,reference,included_topical,source_or_downloaded,Honeywell_US20160047892A1_FMCW_Radar_Phase_Encoded_Data_Channel.pdf
,2022 Kumbul Smoothed Phase Coded FMCW,,,source documentation,reference,included_topical,source_or_downloaded,2022_Kumbul_Smoothed_Phase_Coded_FMCW.pdf
,TI AWR2943 AWR2944 Datasheet RevE 2026,,,source documentation,reference,included_topical,source_or_downloaded,TI_AWR2943_AWR2944_Datasheet_RevE_2026.pdf
,TI AWR294x Technical Reference Manual RevD,,,source documentation,reference,included_topical,source_or_downloaded,TI_AWR294x_Technical_Reference_Manual_RevD.pdf
,TI AWR294x Device Errata RevC,,,source documentation,reference,included_topical,source_or_downloaded,TI_AWR294x_Device_Errata_RevC.pdf
,TI AWR2944 AWR2944P EVM User Guide RevC,,,source documentation,reference,included_topical,source_or_downloaded,TI_AWR2944_AWR2944P_EVM_User_Guide_RevC.pdf
,TI mmWave Sensor Raw Data Capture DCA1000 mmWave Studio,,,source documentation,reference,included_topical,source_or_downloaded,TI_mmWave_Sensor_Raw_Data_Capture_DCA1000_mmWave_Studio.pdf
,TI Programming Chirp Parameters,,,source documentation,reference,included_topical,source_or_downloaded,TI_Programming_Chirp_Parameters.pdf
,TI Cascade Coherency Phase Shifter Calibration,,,source documentation,reference,included_topical,source_or_downloaded,TI_Cascade_Coherency_Phase_Shifter_Calibration.pdf
,TI Self Calibration mmWave Radar Devices,,,source documentation,reference,included_topical,source_or_downloaded,TI_Self_Calibration_mmWave_Radar_Devices.pdf
,TI MIMO Radar,,,source documentation,reference,included_topical,source_or_downloaded,TI_MIMO_Radar.pdf
,2026-08-07 Saeed Meeting Notes,,,source documentation,reference,included_topical,source_or_downloaded,2026-08-07_Saeed_Meeting_Notes.pdf
,FMCW TWTT acquisition status 2026-08-10.md,,,source documentation,reference,included_topical,source_or_downloaded,FMCW_TWTT_acquisition_status_2026-08-10.md
,2013 Pfeffer FMCW MIMO Frequency Division TX Beamforming,,,source documentation,reference,included_restricted_user_supplied,user_upload,2013_Pfeffer_FMCW_MIMO_Frequency_Division_TX_Beamforming.pdf
,2014 Frischen Hasch Waldschmidt - Cooperative Radar: Uncorrelated Phase Noise,,,extended bibliography,P2,included_acquired_research_copy,Listed in prior acquisition staging; no separate PDF bytes available in this runtime. Physical research copy is included in the topical archive; check original publication license before redistribution.,2014_Frischen_Hasch_Waldschmidt_Cooperative_Radar_Uncorrelated_Phase_Noise.pdf
,2014 Rajan van der Veen - Joint Ranging and Synchronization for Anchorless Mobile Networks,,,extended bibliography,P2,included_acquired_research_copy,Listed in prior acquisition staging; no separate PDF bytes available in this runtime. Physical research copy is included in the topical archive; check original publication license before redistribution.,2014_Rajan_van_der_Veen_Joint_Ranging_Synchronization_Anchorless_Mobile_Network.pdf
,2015 Dwivedi - Joint Ranging and Clock Parameter Estimation via Two-Way RTT,,,extended bibliography,P2,included_acquired_research_copy,Listed in prior acquisition staging; no separate PDF bytes available in this runtime. Physical research copy is included in the topical archive; check original publication license before redistribution.,2015_Dwivedi_Joint_Ranging_Clock_Parameter_Estimation_Two_Way_RTT.pdf
,2015 ITU - Two-Way Satellite Time and Frequency Transfer,,,extended bibliography,P2,included_acquired_research_copy,Listed in prior acquisition staging; no separate PDF bytes available in this runtime. Physical research copy is included in the topical archive; check original publication license before redistribution.,2015_ITU_TF1153_Two_Way_Satellite_Time_Frequency_Transfer.pdf
,2016 Lopez-Martinez et al. - Simulation of FMCW Radar with SDR,,,extended bibliography,P2,included_acquired_research_copy,Listed in prior acquisition staging; no separate PDF bytes available in this runtime. Physical research copy is included in the topical archive; check original publication license before redistribution.,2016_Lopez_Martinez_Vidal_Morera_Simulation_FMCW_Radar_SDR.pdf
,2016 Scheiblhofer - In-Chirp FSK Communication Between Cooperative 77-GHz Radar Stations,,,extended bibliography,P2,included_acquired_research_copy,Listed in prior acquisition staging; no separate PDF bytes available in this runtime. Physical research copy is included in the topical archive; check original publication license before redistribution.,2016_Scheiblhofer_In_Chirp_FSK_Communication_Cooperative_77GHz_Radar.pdf
,2017 TI - Complex Baseband Architecture in FMCW Radar Systems,,,extended bibliography,P2,included_acquired_research_copy,Listed in prior acquisition staging; no separate PDF bytes available in this runtime. Physical research copy is included in the topical archive; check original publication license before redistribution.,2017_TI_Complex_Baseband_Architecture_in_FMCW_Radar_Systems.pdf
,2018 Kazaz - Joint Ranging and Clock Synchronization for Dense IoT,,,extended bibliography,P2,included_acquired_research_copy,Listed in prior acquisition staging; no separate PDF bytes available in this runtime. Physical research copy is included in the topical archive; check original publication license before redistribution.,2018_Kazaz_Joint_Ranging_Clock_Synchronization_Dense_IoT.pdf
,2018 Park et al. - Leakage Mitigation / Internal Delay Compensation in FMCW,,,extended bibliography,P2,included_acquired_research_copy,Listed in prior acquisition staging; no separate PDF bytes available in this runtime. Physical research copy is included in the topical archive; check original publication license before redistribution.,2018_Park_Park_Park_Leakage_Mitigation_Internal_Delay_Compensation_FMCW.pdf
,2018 Svensson - High Resolution Frequency Estimation for FMCW Radar (thesis),,,extended bibliography,P2,included_acquired_research_copy,Listed in prior acquisition staging; no separate PDF bytes available in this runtime. Physical research copy is included in the topical archive; check original publication license before redistribution.,2018_Svensson_High_Resolution_Frequency_Estimation_FMCW_Radar_Thesis.pdf
,2019 Mueller Diewald - Cooperative Radar Signature Method for Unambiguity,,,extended bibliography,P2,included_acquired_research_copy,Listed in prior acquisition staging; no separate PDF bytes available in this runtime. Physical research copy is included in the topical archive; check original publication license before redistribution.,2019_Mueller_Diewald_Cooperative_Radar_Signature_Unambiguity.pdf
,2019 Wang et al. - Range Accuracy of FMCW Radar with Source Nonlinearity,,,extended bibliography,P2,included_acquired_research_copy,Listed in prior acquisition staging; no separate PDF bytes available in this runtime. Physical research copy is included in the topical archive; check original publication license before redistribution.,2019_Wang_et_al_Range_Accuracy_FMCW_Source_Nonlinearity.pdf
,2020 Infineon - Phase Coded FMCW Radar patent,,,extended bibliography,P2,included_acquired_research_copy,Listed in prior acquisition staging; no separate PDF bytes available in this runtime. Physical research copy is included in the topical archive; check original publication license before redistribution.,2020_Infineon_US20200132825A1_Phase_Coded_FMCW_Radar.pdf
,2020 UIUC - FMCW Radar lecture,,,extended bibliography,P2,included_acquired_research_copy,Listed in prior acquisition staging; no separate PDF bytes available in this runtime. Physical research copy is included in the topical archive; check original publication license before redistribution.,2020_UIUC_FMCW_Radar_Lecture.pdf
,2020 Uysal Orru - Phase-Coded FMCW Automotive Radar: Application and Challenges,,,extended bibliography,P2,included_acquired_research_copy,Listed in prior acquisition staging; no separate PDF bytes available in this runtime. Physical research copy is included in the topical archive; check original publication license before redistribution.,2020_Uysal_Orru_Phase_Coded_FMCW_Application_and_Challenges.pdf
,2022 Architectures and Synchronization Techniques for Distributed Satellite Systems - Survey,,,extended bibliography,P2,included_acquired_research_copy,Listed in prior acquisition staging; no separate PDF bytes available in this runtime. Physical research copy is included in the topical archive; check original publication license before redistribution.,2022_Architectures_and_Synchronization_Techniques_Distributed_Satellite_Systems_Survey.pdf
,2022 Duerr - Coherent Multistatic MIMO Radar Network with Phase-Noise-Optimized Synthesis,,,extended bibliography,P2,included_acquired_research_copy,Listed in prior acquisition staging; no separate PDF bytes available in this runtime. Physical research copy is included in the topical archive; check original publication license before redistribution.,TI_MIMO_Radar.pdf
,2022 MIT - Radar and Coherent Sensor Processing lecture,,,extended bibliography,P2,included_acquired_research_copy,Listed in prior acquisition staging; no separate PDF bytes available in this runtime. Physical research copy is included in the topical archive; check original publication license before redistribution.,2022_MIT_Radar_and_Coherent_Sensor_Processing_Lecture.pdf
,2022 TI - Interference Mitigation for AWR/IWR Devices,,,extended bibliography,P2,included_acquired_research_copy,Listed in prior acquisition staging; no separate PDF bytes available in this runtime. Physical research copy is included in the topical archive; check original publication license before redistribution.,2022_TI_Interference_Mitigation_for_AWR_IWR_Devices.pdf
,2023 Tagliaferri et al. - Cooperative Coherent Multistatic Imaging and Phase Synchronization,,,extended bibliography,P2,included_acquired_research_copy,Listed in prior acquisition staging; no separate PDF bytes available in this runtime. Physical research copy is included in the topical archive; check original publication license before redistribution.,2023_Tagliaferri_et_al_Cooperative_Coherent_Multistatic_Imaging_Phase_Synchronization.pdf
,2024 Ahmadi et al. - Distributed Massive MIMO FMCW Radar Simulator with Ray Tracing,,,extended bibliography,P2,included_acquired_research_copy,Listed in prior acquisition staging; no separate PDF bytes available in this runtime. Physical research copy is included in the topical archive; check original publication license before redistribution.,TI_MIMO_Radar.pdf
,2024 Chen Niknejad - RF-Domain Leakage Cancellation for FMCW Radars,,,extended bibliography,P2,included_acquired_research_copy,Listed in prior acquisition staging; no separate PDF bytes available in this runtime. Physical research copy is included in the topical archive; check original publication license before redistribution.,2024_Chen_Niknejad_RF_Domain_Leakage_Cancellation_FMCW_Radars.pdf
,2024 Huang et al. - Overview of Millimeter-Wave Radar Modeling Methods,,,extended bibliography,P2,included_acquired_research_copy,Listed in prior acquisition staging; no separate PDF bytes available in this runtime. Physical research copy is included in the topical archive; check original publication license before redistribution.,2024_Huang_et_al_Overview_Millimeter_Wave_Radar_Modeling_Methods.pdf
,2024 Kou et al. - Distributed PMCW Radar Network Phase Noise,,,extended bibliography,P2,included_acquired_research_copy,Listed in prior acquisition staging; no separate PDF bytes available in this runtime. Physical research copy is included in the topical archive; check original publication license before redistribution.,2024_Kou_Bauduin_Bourdoux_Pollin_Distributed_PMCW_Radar_Network_Phase_Noise.pdf
,2024 Multi-Objective Distributed Beamforming with High-Accuracy Synchronization,,,extended bibliography,P2,included_acquired_research_copy,Listed in prior acquisition staging; no separate PDF bytes available in this runtime. Physical research copy is included in the topical archive; check original publication license before redistribution.,2024_Multi_Objective_Distributed_Beamforming_High_Accuracy_Sync.pdf
,2025 BIPM - Time Dissemination/TWSTFT lecture,,,extended bibliography,P2,included_acquired_research_copy,Listed in prior acquisition staging; no separate PDF bytes available in this runtime. Physical research copy is included in the topical archive; check original publication license before redistribution.,2025_BIPM_Time_Dissemination_TWSTFT_Lecture.pdf
,2025 DLR - Investigation of CW/LFM Waveforms for Bi/Multistatic Radar Synchronization,,,extended bibliography,P2,included_acquired_research_copy,Listed in prior acquisition staging; no separate PDF bytes available in this runtime. Physical research copy is included in the topical archive; check original publication license before redistribution.,2025_DLR_Investigation_CW_LFM_Waveforms_Bi_Multistatic_Radar_Synchronization.pdf
,2025 Eid - Novel Simulation Technique for UWB FMCW Radar,,,extended bibliography,P2,included_acquired_research_copy,Listed in prior acquisition staging; no separate PDF bytes available in this runtime. Physical research copy is included in the topical archive; check original publication license before redistribution.,2025_Eid_Novel_Simulation_Technique_UWB_FMCW_Radar.pdf
,2025 Han Meng Masouros - OTA Time/Frequency Synchronization for Distributed ISAC,,,extended bibliography,P2,included_acquired_research_copy,Listed in prior acquisition staging; no separate PDF bytes available in this runtime. Physical research copy is included in the topical archive; check original publication license before redistribution.,2025_Han_Meng_Masouros_OTA_Time_Frequency_Synchronization_Distributed_ISAC.pdf
,2025 Multistatic Radar Performance with Distributed Wireless Synchronization / BCRLB,,,extended bibliography,P2,included_acquired_research_copy,Listed in prior acquisition staging; no separate PDF bytes available in this runtime. Physical research copy is included in the topical archive; check original publication license before redistribution.,2025_Multistatic_Radar_Performance_Distributed_Wireless_Synchronization_BCRLB.pdf
,2025 Real-Time High-Accuracy Digital Wireless Time/Frequency/Phase Synchronization,,,extended bibliography,P2,included_acquired_research_copy,Listed in prior acquisition staging; no separate PDF bytes available in this runtime. Physical research copy is included in the topical archive; check original publication license before redistribution.,2025_Real_Time_High_Accuracy_Digital_Wireless_Time_Frequency_Phase_Synchronization.pdf
,2026 UCSB - Introduction to mmWave Radar Sensing Lab Notes,,,extended bibliography,P2,included_acquired_research_copy,Listed in prior acquisition staging; no separate PDF bytes available in this runtime. Physical research copy is included in the topical archive; check original publication license before redistribution.,2026_UCSB_Introduction_to_mmWave_Radar_Sensing_Lab_Notes.pdf
,Merlo - Picosecond NLOS Wireless Time/Frequency Transfer presentation,,,extended bibliography,P2,included_acquired_research_copy,Listed in prior acquisition staging; no separate PDF bytes available in this runtime. Physical research copy is included in the topical archive; check original publication license before redistribution.,Merlo_Picosecond_NLOS_Wireless_Time_Frequency_Transfer_Presentation.pdf
2019,2019 MathWorks Automotive Radar Development MATLAB,,,additional acquired,P2,included_acquired_research_copy,Acquired during the literature sweep and included as a research copy; see original source for licensing/redistribution terms.,2019_MathWorks_Automotive_Radar_Development_MATLAB.pdf
2022,2022 Duerr Coherent Multistatic MIMO Radar Network Phase Noise Optimized Synthesis,,,additional acquired,P2,included_acquired_research_copy,Acquired during the literature sweep and included as a research copy; see original source for licensing/redistribution terms.,2022_Duerr_Coherent_Multistatic_MIMO_Radar_Network_Phase_Noise_Optimized_Synthesis.pdf
2024,2024 Ahmadi et al Distributed Massive MIMO FMCW Radar Simulator Ray Tracing,,,additional acquired,P2,included_acquired_research_copy,Acquired during the literature sweep and included as a research copy; see original source for licensing/redistribution terms.,2024_Ahmadi_et_al_Distributed_Massive_MIMO_FMCW_Radar_Simulator_Ray_Tracing.pdf
